Year,District,Area,Population_density,Urbanization_index,Infrastructure_score,Economic_index,Actual_demand,Predicted_baseline,Vulnerable
2025,Khulna,Khalishpur,12035,0.8,3.57,0.91,89.36,87.37,1
2022,Barishal,Chandpur,10355,1.0,4.4,1.14,162.41,154.96,0
2020,Mymensingh,Muktagachha,27812,0.93,2.42,1.01,59.63,60.76,0
2024,Khulna,Khalishpur,23844,0.98,2.17,1.17,83.72,81.73,0
2017,Dhaka,Uttara,20858,0.97,3.14,1.13,248.17,245.02,1
2013,Khulna,Daulatpur,20962,0.61,4.6,1.15,74.99,76.61,0
2020,Rajshahi,Shah Makhdum,14732,0.85,3.87,1.04,95.94,96.13,0
2024,Chattogram,Pahartali,22997,0.86,4.71,1.13,112.05,107.86,2
2023,Rajshahi,Shah Makhdum,13144,0.72,2.85,1.09,198.02,201.07,1
2023,Chattogram,Kotwali,13564,0.6,2.14,0.95,68.58,66.63,1
2023,Dhaka,Gulshan,14050,0.85,4.66,0.98,159.6,154.63,2
2018,Mymensingh,Trishal,22647,0.86,3.23,1.15,150.57,146.41,2
2011,Rajshahi,Charghat,10545,0.58,3.46,1.17,111.72,109.97,2
2014,Rangpur,Gangachara,21498,0.61,3.71,0.96,141.69,147.1,0
2024,Mymensingh,Bhaluka,18572,0.95,4.76,0.82,224.42,225.37,0
2019,Sylhet,Ambarkhana,28125,0.96,2.36,1.01,116.2,110.94,1
2025,Chattogram,Kotwali,26288,0.88,3.58,0.81,212.51,209.13,0
2022,Sylhet,Subidbazar,13534,0.62,4.36,0.92,101.18,96.23,1
2024,Khulna,Sonadanga,12510,0.95,2.58,0.93,171.94,174.32,1
2020,Barishal,Bakerganj,17823,0.77,2.44,1.08,189.37,183.9,2
2023,Rangpur,Kaunia,14683,0.58,2.84,0.94,182.44,191.43,0
2019,Sylhet,Ambarkhana,19472,0.75,3.76,1.18,64.58,65.26,0
2023,Mymensingh,Muktagachha,16426,0.77,2.36,1.18,202.71,211.88,0
2013,Rangpur,Kaunia,14633,0.92,3.4,0.83,64.51,61.68,0
2017,Barishal,Chandpur,23716,0.56,2.46,0.89,252.42,254.32,0
2023,Khulna,Daulatpur,15926,0.81,4.63,0.97,118.28,118.97,2
2021,Barishal,Kawran Bazar,15959,0.84,4.31,0.95,100.17,95.94,0
2011,Dhaka,Uttara,27139,0.99,4.69,0.85,67.59,70.54,0
2019,Mymensingh,Trishal,23269,0.59,2.15,0.98,116.23,119.29,2
2017,Chattogram,Double Mooring,10694,0.67,2.49,1.08,149.97,145.47,0
2021,Mymensingh,Trishal,11116,0.77,4.69,1.07,75.58,74.76,1
2015,Dhaka,Gulshan,27602,0.98,4.59,1.12,173.91,174.79,0
2020,Dhaka,Gulshan,24900,0.59,4.33,1.14,23.88,23.71,0
2025,Sylhet,Ambarkhana,18339,0.85,4.47,0.96,47.76,48.9,0
2017,Dhaka,Uttara,14769,0.75,2.7,1.08,219.24,209.41,1
2014,Barishal,Chandpur,27484,0.82,3.49,1.2,48.34,47.99,1
2015,Dhaka,Dhanmondi,14777,0.74,5.0,0.89,42.85,43.21,0
2022,Dhaka,Uttara,18633,0.57,4.79,1.06,227.19,221.73,0
2020,Dhaka,Uttara,23017,0.87,3.33,0.9,126.06,128.2,0
2018,Chattogram,Double Mooring,29307,0.8,3.27,1.16,93.95,93.88,0
2017,Dhaka,Dhanmondi,22180,0.94,2.55,0.91,79.92,78.07,0
2025,Chattogram,Double Mooring,25374,0.95,3.49,1.1,199.63,192.51,0
2010,Rangpur,Mithapukur,19094,0.98,2.6,0.84,222.86,231.62,0
2020,Chattogram,Kotwali,17902,0.64,2.03,1.05,79.9,75.97,2
2010,Barishal,Kawran Bazar,21738,0.73,2.93,1.07,157.4,155.27,0
2020,Mymensingh,Trishal,16816,0.76,2.9,1.04,153.48,150.41,1
2021,Sylhet,Subidbazar,19950,0.79,3.31,0.91,136.29,132.54,0
2025,Khulna,Sonadanga,17776,0.78,3.86,0.99,151.08,155.13,1
2013,Barishal,Bakerganj,25735,0.59,3.45,0.92,154.95,159.66,0
2010,Rajshahi,Shah Makhdum,26378,0.75,2.43,1.11,152.24,154.36,2
2021,Dhaka,Gulshan,15074,0.73,2.02,1.01,251.46,258.88,0
2019,Dhaka,Gulshan,27164,0.77,3.94,0.81,179.64,181.77,0
2016,Rajshahi,Shah Makhdum,20403,0.67,2.94,1.06,69.22,71.97,1
2019,Sylhet,Zindabazar,16146,0.87,2.32,1.14,158.03,164.02,1
2020,Mymensingh,Muktagachha,14389,0.72,3.9,1.05,157.15,150.71,2
2024,Dhaka,Gulshan,13987,0.71,4.23,1.09,131.35,133.14,0
2016,Rajshahi,Charghat,25116,0.83,4.04,1.07,79.14,78.58,0
2010,Khulna,Khalishpur,26448,0.56,3.27,0.96,108.7,103.42,0
2021,Rajshahi,Charghat,17394,0.72,3.18,0.98,210.22,218.46,2
2023,Barishal,Kawran Bazar,22489,0.67,4.46,1.16,201.11,204.59,1
2024,Sylhet,Ambarkhana,13259,0.65,3.15,0.98,165.59,172.04,0
2018,Barishal,Kawran Bazar,17400,0.93,3.06,1.18,147.68,141.53,0
2018,Rangpur,Kaunia,20361,0.62,3.52,0.82,101.54,105.38,1
2020,Mymensingh,Muktagachha,21421,0.95,4.6,1.12,210.24,206.13,0
2024,Barishal,Kawran Bazar,21360,0.64,2.71,0.92,228.62,225.48,2
2014,Dhaka,Uttara,13117,0.56,2.28,1.07,284.25,277.29,1
2013,Mymensingh,Muktagachha,26935,0.62,3.32,1.0,75.96,74.47,2
2010,Mymensingh,Muktagachha,22213,0.61,4.02,1.0,135.98,135.61,2
2012,Rangpur,Mithapukur,27100,0.64,4.63,1.1,0.0,0.0,0
2018,Barishal,Bakerganj,27400,0.96,4.33,1.13,274.23,274.91,0
2017,Rangpur,Gangachara,19181,0.89,2.63,1.16,88.72,85.98,0
2020,Barishal,Chandpur,28286,0.78,2.58,0.84,105.44,101.89,0
2021,Rangpur,Kaunia,13779,0.99,3.45,1.19,211.04,221.43,2
2020,Rajshahi,Shah Makhdum,23186,0.92,4.37,0.88,198.19,205.13,0
2014,Mymensingh,Bhaluka,11842,0.82,2.03,1.05,240.48,245.87,0
2012,Sylhet,Ambarkhana,13321,0.87,4.59,0.8,196.61,203.09,0
2014,Dhaka,Uttara,14573,0.72,4.9,1.08,56.77,54.32,1
2013,Rajshahi,Shah Makhdum,27532,0.93,4.58,0.9,32.21,31.58,1
2022,Rangpur,Gangachara,26678,0.92,4.63,1.11,178.64,170.27,1
2010,Sylhet,Zindabazar,22452,0.88,2.44,1.14,190.45,198.2,0
2016,Rangpur,Gangachara,13127,0.78,4.33,1.14,196.5,193.74,1
2011,Dhaka,Uttara,23216,0.74,3.81,0.91,107.05,111.54,0
2024,Chattogram,Pahartali,25282,0.92,4.1,1.14,272.78,276.09,1
2014,Chattogram,Pahartali,15124,0.56,3.13,1.12,187.51,180.95,1
2016,Khulna,Khalishpur,19101,0.91,4.84,0.83,183.65,175.88,1
2019,Khulna,Daulatpur,29037,0.77,2.51,0.82,181.66,174.62,0
2014,Rajshahi,Shah Makhdum,29476,0.98,2.04,0.99,159.65,158.62,0
2016,Dhaka,Dhanmondi,10237,0.76,4.06,0.89,61.11,59.42,2
2024,Barishal,Bakerganj,15972,0.6,4.34,0.87,205.62,199.67,1
2011,Rangpur,Kaunia,18662,0.77,3.16,1.05,188.1,178.78,0
2024,Khulna,Daulatpur,17619,0.98,2.32,0.86,267.95,259.98,1
2025,Chattogram,Kotwali,17446,0.68,2.62,0.9,226.11,225.39,0
2011,Sylhet,Ambarkhana,29183,0.6,3.76,1.02,110.9,105.82,0
2016,Dhaka,Dhanmondi,19956,0.72,4.89,0.9,104.09,104.95,1
2012,Khulna,Khalishpur,25351,0.6,4.02,1.05,179.25,185.08,2
2011,Dhaka,Uttara,11546,0.91,3.25,0.87,124.58,124.95,2
2012,Khulna,Sonadanga,10294,0.64,4.24,1.2,185.02,176.06,1
2020,Rangpur,Mithapukur,26608,0.88,3.59,1.08,205.25,214.12,0
2022,Rangpur,Gangachara,29760,0.86,3.36,1.05,144.65,150.45,0
2013,Mymensingh,Bhaluka,18705,0.66,3.25,0.9,91.79,92.45,0
2018,Chattogram,Double Mooring,23100,0.66,3.87,0.99,210.14,206.27,1
2024,Rangpur,Kaunia,14967,0.93,4.19,0.84,147.6,140.65,0
2012,Chattogram,Double Mooring,20326,0.98,3.23,1.06,107.07,103.74,1
2015,Mymensingh,Muktagachha,23140,0.61,3.99,0.89,58.8,60.27,0
2015,Dhaka,Dhanmondi,26195,0.93,4.06,0.92,108.5,105.95,0
2019,Mymensingh,Muktagachha,28799,0.92,2.3,0.97,187.83,195.79,2
2022,Rajshahi,Shah Makhdum,20304,0.71,2.91,1.09,212.34,209.15,0
2021,Mymensingh,Trishal,15901,0.62,4.02,0.85,221.29,232.13,0
2016,Dhaka,Uttara,10955,0.57,4.6,1.03,127.02,131.76,2
2022,Khulna,Daulatpur,15968,0.95,4.06,0.9,30.02,30.59,1
2015,Barishal,Bakerganj,23007,0.6,4.82,1.15,168.31,167.59,0
2011,Rajshahi,Charghat,11587,0.8,4.79,1.18,99.13,98.7,1
2024,Khulna,Sonadanga,14350,0.96,4.64,1.2,85.55,87.8,1
2025,Khulna,Sonadanga,11069,0.87,4.76,0.91,155.49,162.36,1
2021,Chattogram,Double Mooring,12590,0.73,4.95,0.84,115.61,111.81,1
2013,Barishal,Chandpur,19802,0.82,3.06,0.82,27.59,27.88,2
2018,Rajshahi,Boalia,25740,0.89,4.78,0.98,217.41,225.43,0
2016,Rangpur,Kaunia,18498,0.9,4.28,0.99,24.46,25.22,0
2017,Chattogram,Double Mooring,16411,0.92,4.35,0.91,242.24,244.19,2
2023,Dhaka,Uttara,12282,0.77,3.73,0.82,25.27,25.85,1
2020,Barishal,Kawran Bazar,21672,0.97,3.78,0.95,179.4,179.16,1
2025,Mymensingh,Bhaluka,21618,0.97,3.24,0.96,162.96,155.94,1
2011,Barishal,Kawran Bazar,11620,0.74,3.53,0.86,154.88,152.43,0
2019,Mymensingh,Trishal,25795,0.75,3.19,0.84,122.33,117.36,0
2020,Rangpur,Mithapukur,21329,0.71,4.35,1.02,12.07,12.39,0
2010,Rajshahi,Charghat,27632,0.59,3.88,1.02,105.54,105.77,2
2021,Sylhet,Ambarkhana,14435,0.74,4.36,0.88,215.95,219.16,0
2020,Barishal,Chandpur,15509,0.81,3.74,1.0,180.26,175.39,1
2012,Khulna,Daulatpur,22120,0.91,3.11,1.14,161.34,158.9,1
2016,Sylhet,Zindabazar,16833,1.0,3.87,0.97,86.49,82.98,0
2014,Chattogram,Pahartali,26821,0.6,3.2,1.12,84.88,82.21,2
2019,Rajshahi,Shah Makhdum,16772,0.68,3.76,1.04,206.79,211.86,1
2023,Barishal,Bakerganj,11283,1.0,4.94,1.06,74.6,75.99,0
2017,Khulna,Khalishpur,26465,0.67,4.44,1.01,41.82,41.64,2
2019,Mymensingh,Bhaluka,21350,0.74,4.19,0.85,122.82,118.9,0
2016,Dhaka,Uttara,14491,0.7,4.02,1.1,114.81,118.14,0
2023,Khulna,Daulatpur,12969,0.73,4.31,0.97,127.6,122.09,2
2024,Rajshahi,Boalia,15078,0.66,2.43,0.85,77.45,74.36,1
2020,Rajshahi,Boalia,11734,0.63,4.07,0.95,216.12,208.29,0
2024,Rangpur,Mithapukur,21470,0.9,3.92,1.12,250.18,252.88,1
2018,Mymensingh,Trishal,19662,0.75,4.19,0.82,141.91,136.15,0
2015,Mymensingh,Trishal,12096,0.75,4.81,1.08,160.26,153.05,2
2017,Barishal,Kawran Bazar,21954,0.62,4.96,1.13,79.87,76.44,0
2018,Barishal,Bakerganj,26789,0.82,3.89,1.04,183.7,178.88,1
2025,Chattogram,Kotwali,17407,0.92,3.63,0.85,269.69,281.35,2
2014,Dhaka,Gulshan,10071,0.59,3.81,0.85,0.0,0.0,0
2024,Mymensingh,Muktagachha,13602,0.59,3.08,1.14,90.58,88.05,2
2014,Sylhet,Ambarkhana,11019,0.68,2.52,1.06,150.7,158.1,1
2014,Rangpur,Mithapukur,23026,0.79,4.46,0.87,209.82,214.01,0
2023,Rajshahi,Charghat,12828,0.82,3.07,1.06,81.24,84.4,1
2011,Rangpur,Mithapukur,29187,0.72,4.49,0.85,213.13,218.49,2
2012,Rangpur,Mithapukur,18920,0.94,4.34,0.82,123.7,129.72,0
2018,Dhaka,Gulshan,20786,0.93,4.12,1.0,64.14,66.61,1
2024,Mymensingh,Bhaluka,29288,0.84,2.83,0.86,203.22,205.24,0
2012,Mymensingh,Bhaluka,14299,0.64,4.52,1.09,193.29,185.9,2
2022,Khulna,Sonadanga,21151,0.87,2.82,0.94,149.13,145.75,0
2022,Mymensingh,Trishal,23331,0.76,2.1,1.19,239.0,239.31,0
2021,Chattogram,Kotwali,21353,0.66,3.26,1.14,239.8,233.64,1
2017,Chattogram,Double Mooring,19435,0.81,4.22,1.11,228.86,222.85,0
2025,Sylhet,Ambarkhana,26150,0.96,2.37,1.01,230.15,220.26,0
2012,Rangpur,Kaunia,11910,0.61,2.21,1.16,87.93,90.75,1
2011,Barishal,Bakerganj,15599,0.6,4.91,0.81,206.89,212.85,0
2024,Sylhet,Zindabazar,26117,0.62,3.79,1.07,97.69,99.65,0
2012,Dhaka,Uttara,28646,0.55,4.08,1.06,52.17,51.76,1
2018,Khulna,Daulatpur,18749,0.81,3.93,1.14,73.56,71.11,0
2012,Dhaka,Uttara,27303,0.7,3.54,1.12,81.35,83.39,0
2023,Rajshahi,Boalia,13267,0.57,4.29,1.18,62.15,59.08,0
2021,Khulna,Khalishpur,13385,0.83,2.66,0.98,239.61,230.83,0
2023,Dhaka,Uttara,13420,0.56,4.62,1.01,210.97,207.46,1
2015,Mymensingh,Muktagachha,22869,0.81,3.13,0.91,67.43,67.51,0
2022,Barishal,Bakerganj,19865,0.64,2.61,0.8,161.57,167.75,0
2015,Mymensingh,Bhaluka,14895,0.89,3.59,1.02,131.31,127.59,0
2012,Rajshahi,Shah Makhdum,24422,0.99,4.52,1.15,76.28,73.96,1
2016,Barishal,Bakerganj,17358,0.93,2.89,1.06,87.95,89.59,2
2018,Sylhet,Subidbazar,20693,0.75,2.4,0.95,206.79,217.08,0
2020,Sylhet,Zindabazar,26589,0.61,3.01,1.2,158.33,153.9,1
2016,Barishal,Bakerganj,16304,0.62,2.68,0.9,235.93,226.84,2
2017,Dhaka,Uttara,12113,0.58,3.39,1.16,112.27,112.25,0
2012,Chattogram,Double Mooring,11067,0.86,4.65,1.18,151.23,149.06,0
2019,Khulna,Sonadanga,29593,0.68,2.72,0.89,127.17,129.76,0
2018,Sylhet,Subidbazar,26848,0.65,4.45,1.17,14.39,14.92,0
2021,Mymensingh,Muktagachha,26378,0.61,3.71,1.15,147.98,141.95,0
2022,Rajshahi,Shah Makhdum,25166,0.74,4.94,0.83,148.36,143.6,2
2013,Barishal,Chandpur,15599,0.89,3.36,0.96,204.64,206.37,2
2010,Dhaka,Uttara,12170,0.9,4.45,1.18,166.41,167.49,0
2025,Sylhet,Zindabazar,28297,0.79,2.78,1.01,187.16,196.45,2
2025,Rangpur,Mithapukur,22602,0.65,2.12,0.81,72.69,75.36,0
2021,Rajshahi,Boalia,12832,0.82,2.89,1.09,209.09,200.78,1
2019,Sylhet,Ambarkhana,21708,0.72,2.69,1.09,120.24,117.99,2
2015,Rajshahi,Boalia,29785,0.94,2.38,1.15,165.06,158.91,0
2010,Sylhet,Zindabazar,24593,0.9,2.06,1.16,155.22,150.41,0
2014,Barishal,Bakerganj,16581,0.8,3.58,1.06,117.45,121.73,0
2013,Chattogram,Pahartali,14150,0.99,3.46,0.87,254.76,267.08,0
2019,Dhaka,Gulshan,21543,0.61,2.31,1.09,204.54,199.92,0
2011,Barishal,Kawran Bazar,21916,0.97,4.63,0.91,194.44,184.72,0
2011,Dhaka,Uttara,21181,0.72,4.41,1.16,98.99,103.62,0
2013,Sylhet,Zindabazar,19388,0.57,3.18,1.17,68.91,68.69,1
2015,Dhaka,Dhanmondi,27826,0.9,3.72,1.03,55.79,56.01,1
2013,Khulna,Daulatpur,15994,0.91,4.5,1.19,202.72,204.78,0
2019,Chattogram,Pahartali,20160,0.78,4.07,0.82,191.23,198.37,2
2018,Rangpur,Mithapukur,12961,0.62,3.65,1.08,205.45,199.79,1
2023,Sylhet,Subidbazar,17928,0.95,2.45,1.11,117.41,115.55,2
2023,Barishal,Kawran Bazar,29439,0.71,3.43,0.94,156.36,158.9,1
2019,Mymensingh,Bhaluka,26172,0.77,2.4,0.9,169.1,170.78,1
2021,Dhaka,Uttara,26622,0.76,2.67,1.17,124.44,129.96,0
2024,Rangpur,Kaunia,16464,0.98,2.74,1.14,124.41,129.82,2
2020,Barishal,Bakerganj,28311,0.94,3.3,0.82,90.07,85.75,1
2011,Rangpur,Gangachara,16005,0.78,3.76,1.01,117.76,112.93,0
2019,Dhaka,Dhanmondi,27353,0.85,4.61,1.1,178.78,178.5,1
2025,Rangpur,Kaunia,22041,0.75,4.27,1.12,150.55,149.2,2
2025,Chattogram,Double Mooring,17483,0.81,2.23,1.19,254.18,259.22,1
2018,Barishal,Kawran Bazar,24559,0.78,4.72,1.03,183.88,184.69,2
2020,Barishal,Kawran Bazar,14016,0.93,3.83,0.82,274.41,275.99,2
2012,Khulna,Sonadanga,13969,0.72,4.39,0.92,36.24,37.81,0
2023,Barishal,Bakerganj,25155,0.99,2.6,0.8,48.9,48.29,2
2014,Rajshahi,Shah Makhdum,25233,0.65,3.97,0.99,218.52,212.31,1
2018,Khulna,Khalishpur,18070,0.81,3.83,1.18,204.47,208.32,1
2010,Barishal,Kawran Bazar,22835,0.56,2.85,0.82,54.08,52.87,0
2021,Dhaka,Gulshan,18983,1.0,2.12,1.06,152.36,159.2,0
2023,Khulna,Daulatpur,28825,0.55,4.95,1.16,55.76,54.42,2
2017,Sylhet,Zindabazar,26766,0.67,4.9,1.02,134.49,135.57,0
2021,Mymensingh,Bhaluka,10078,0.76,4.56,1.17,234.8,223.72,2
2011,Rangpur,Gangachara,28922,0.89,2.99,1.04,165.52,157.5,0
2018,Barishal,Kawran Bazar,13913,0.64,2.82,0.89,122.63,116.98,1
2023,Dhaka,Uttara,10324,0.87,4.81,1.16,237.71,233.01,2
2018,Dhaka,Uttara,12433,0.63,2.55,0.92,154.95,153.9,0
2010,Mymensingh,Trishal,12313,0.98,4.53,0.92,51.61,49.67,1
2021,Barishal,Chandpur,18277,0.82,4.51,1.11,159.83,152.57,2
2023,Rangpur,Mithapukur,15167,0.68,4.85,1.14,172.06,180.29,0
2015,Rangpur,Gangachara,19974,0.65,3.7,0.94,155.6,154.97,1
2011,Rangpur,Gangachara,24696,0.75,2.4,1.18,137.46,139.93,0
2013,Khulna,Daulatpur,18252,0.9,4.46,0.82,187.77,194.8,2
2023,Sylhet,Ambarkhana,24536,0.69,4.51,0.82,155.78,153.9,0
2021,Chattogram,Double Mooring,15178,0.91,4.96,1.04,83.17,84.39,1
2019,Sylhet,Ambarkhana,20716,0.68,4.65,1.1,236.68,232.67,1
2013,Sylhet,Ambarkhana,28077,0.99,3.18,1.16,237.04,244.03,1
2016,Barishal,Kawran Bazar,12461,0.97,4.03,1.0,0.0,0.0,1
2014,Chattogram,Pahartali,10437,0.87,2.75,0.93,69.79,66.48,0
2023,Sylhet,Ambarkhana,12137,0.6,2.54,1.07,132.99,127.76,1
2016,Rangpur,Gangachara,21515,0.57,4.0,1.13,188.53,189.36,0
2017,Chattogram,Pahartali,28942,0.61,2.88,0.95,141.21,145.24,0
2023,Khulna,Daulatpur,13083,0.71,3.99,1.12,233.89,225.76,2
2014,Dhaka,Dhanmondi,16638,0.77,2.95,1.16,140.2,145.68,0
2020,Rajshahi,Boalia,13770,0.94,4.12,1.09,135.2,137.32,0
2023,Rajshahi,Charghat,15004,0.83,3.47,0.96,268.87,270.74,1
2011,Mymensingh,Bhaluka,29719,0.94,4.84,0.95,117.35,119.04,0
2017,Dhaka,Uttara,19941,0.81,3.36,1.18,51.78,51.55,1
2020,Rangpur,Kaunia,22891,0.71,2.1,1.02,165.45,163.07,2
2019,Rangpur,Kaunia,29123,0.84,3.71,0.94,211.98,203.54,0
2019,Dhaka,Uttara,27087,0.78,2.88,1.17,131.84,126.75,0
2015,Sylhet,Subidbazar,11062,0.69,2.63,0.93,71.63,72.91,1
2020,Khulna,Khalishpur,28281,0.71,4.97,0.84,127.35,121.78,2
2019,Khulna,Daulatpur,20471,0.98,4.76,0.92,88.66,91.75,2
2025,Mymensingh,Bhaluka,25321,0.94,2.25,1.17,42.28,43.38,0
2014,Mymensingh,Bhaluka,20704,0.71,3.39,0.97,35.75,35.43,1
2010,Sylhet,Zindabazar,23333,0.8,2.36,1.17,214.73,212.61,0
2012,Rangpur,Kaunia,24466,0.88,4.0,0.85,175.91,171.63,2
2021,Rangpur,Kaunia,21343,0.56,3.05,1.09,72.16,72.59,1
2012,Barishal,Bakerganj,14608,0.95,2.63,0.89,101.41,97.1,0
2014,Chattogram,Kotwali,20555,0.8,3.16,0.81,96.18,93.69,1
2010,Barishal,Kawran Bazar,11392,0.94,4.71,0.8,194.49,198.76,1
2018,Khulna,Khalishpur,14765,0.97,3.81,1.15,184.04,178.03,0
2015,Sylhet,Ambarkhana,14612,0.94,3.03,1.13,82.43,85.29,0
2016,Rangpur,Kaunia,13864,0.92,2.63,0.95,203.12,211.61,0
2018,Mymensingh,Muktagachha,20230,0.98,4.68,0.97,190.28,189.83,0
2017,Khulna,Daulatpur,22597,0.97,3.74,1.07,255.4,243.62,0
2015,Khulna,Sonadanga,29187,0.87,4.82,1.15,151.05,151.85,0
2021,Sylhet,Zindabazar,26346,0.74,4.09,0.98,117.06,119.45,0
2010,Mymensingh,Trishal,16495,0.93,2.34,0.9,173.29,171.18,2
2020,Barishal,Chandpur,11306,0.85,4.12,1.04,130.05,127.07,1
2016,Barishal,Kawran Bazar,28004,0.93,4.92,0.85,74.17,70.75,1
2013,Chattogram,Pahartali,15475,0.77,2.2,0.96,121.34,116.97,0
2013,Khulna,Khalishpur,13006,0.79,2.51,0.93,91.35,89.1,2
2019,Khulna,Sonadanga,18461,0.66,2.82,1.1,124.13,118.7,2
2012,Rangpur,Mithapukur,19663,0.73,3.8,1.06,81.62,85.51,1
2011,Khulna,Sonadanga,18529,0.79,3.76,1.19,171.41,167.57,0
2011,Sylhet,Ambarkhana,13273,0.91,4.3,0.86,106.88,110.83,0
2014,Rajshahi,Shah Makhdum,27587,0.84,3.07,0.86,168.23,173.52,0
2018,Mymensingh,Muktagachha,11531,0.6,3.34,1.01,74.07,72.36,0
2020,Dhaka,Uttara,17246,0.91,3.09,1.01,255.94,250.04,0
2021,Barishal,Bakerganj,13153,0.58,4.23,1.08,114.28,117.13,2
2021,Dhaka,Dhanmondi,21426,0.7,3.76,0.84,221.31,218.81,1
2019,Mymensingh,Muktagachha,19596,0.84,4.34,0.89,104.11,105.81,0
2014,Chattogram,Double Mooring,11875,0.86,2.34,0.95,107.25,106.38,1
2015,Rajshahi,Charghat,18286,0.77,3.82,1.11,79.84,79.86,0
2020,Khulna,Sonadanga,24670,0.72,3.88,0.86,191.24,186.17,1
2018,Dhaka,Uttara,25523,0.86,4.31,1.06,80.34,83.36,1
2018,Mymensingh,Trishal,14820,0.94,2.75,0.91,65.82,68.26,1
2013,Dhaka,Gulshan,23279,0.78,4.7,1.11,102.63,107.52,1
2014,Barishal,Bakerganj,21525,0.67,3.93,1.08,238.18,239.64,2
2016,Chattogram,Pahartali,15041,0.6,3.73,0.82,170.69,178.79,0
2021,Sylhet,Subidbazar,29787,0.64,2.38,0.92,250.86,258.32,0
2022,Sylhet,Ambarkhana,23650,0.99,4.3,0.97,169.91,171.93,1
2012,Barishal,Bakerganj,25641,0.87,4.57,0.94,155.55,149.44,0
2010,Khulna,Khalishpur,20179,0.99,2.67,1.07,167.25,163.95,0
2024,Mymensingh,Trishal,23159,0.85,4.7,0.96,116.51,117.41,0
2013,Rajshahi,Boalia,29945,0.89,4.88,0.98,107.7,112.46,1
2019,Mymensingh,Bhaluka,24232,0.78,4.85,1.13,124.5,118.95,1
2012,Rajshahi,Shah Makhdum,21653,0.64,3.7,0.81,218.46,217.36,0
2013,Barishal,Kawran Bazar,15655,0.96,3.85,1.12,132.96,127.87,0
2024,Rajshahi,Shah Makhdum,25310,0.82,3.16,1.14,250.58,260.19,0
2019,Barishal,Bakerganj,22773,0.9,2.91,0.92,48.95,48.66,2
2017,Dhaka,Uttara,17119,0.73,4.26,1.01,219.6,226.73,0
2012,Chattogram,Kotwali,12378,0.92,4.12,1.19,209.52,199.16,0
2021,Khulna,Daulatpur,24247,0.95,4.82,1.07,216.81,226.82,1
2021,Khulna,Daulatpur,28526,0.76,3.93,0.82,189.83,195.1,1
2018,Barishal,Bakerganj,21849,0.56,3.14,0.93,42.98,42.95,0
2018,Sylhet,Subidbazar,16380,0.57,4.15,0.99,187.99,194.31,1
2025,Mymensingh,Bhaluka,26799,0.77,2.11,0.88,218.08,226.26,1
2013,Rangpur,Kaunia,10198,0.69,3.23,0.88,199.03,201.93,2
2017,Rangpur,Mithapukur,16568,0.79,4.52,0.94,207.92,216.57,1
2011,Dhaka,Dhanmondi,22668,0.6,4.6,0.92,65.24,66.02,1
2014,Dhaka,Uttara,19216,0.58,2.77,1.01,108.95,105.33,0
2013,Rajshahi,Boalia,25566,0.62,4.05,1.04,167.77,164.57,0
2010,Rajshahi,Shah Makhdum,21874,0.97,4.68,0.93,125.0,131.11,0
2015,Rajshahi,Charghat,21601,0.63,2.09,0.88,113.09,113.21,1
2023,Rangpur,Mithapukur,21824,0.66,2.78,0.83,278.31,273.36,0
2014,Mymensingh,Bhaluka,28060,0.55,4.7,0.86,231.13,231.42,0
2022,Rangpur,Gangachara,22454,0.89,2.44,1.15,103.35,100.02,0
2013,Mymensingh,Bhaluka,27432,0.85,2.37,0.99,134.3,138.02,0
2015,Barishal,Chandpur,14432,0.67,4.42,1.1,84.05,81.61,0
2011,Dhaka,Gulshan,29136,0.58,2.22,1.14,206.84,209.89,1
2019,Khulna,Daulatpur,12169,0.6,4.87,0.93,256.23,268.63,0
2014,Rajshahi,Charghat,28667,0.71,4.8,1.17,167.83,160.05,0
2015,Barishal,Bakerganj,15141,0.62,4.92,1.14,167.98,176.07,0
2020,Dhaka,Gulshan,14873,0.86,2.7,1.05,207.74,215.0,0
2019,Chattogram,Pahartali,18652,0.92,3.91,0.96,162.85,169.65,0
2019,Sylhet,Zindabazar,14906,0.99,4.9,0.96,187.95,185.05,1
2019,Sylhet,Subidbazar,21797,0.75,4.2,1.14,133.92,128.39,0
2013,Sylhet,Ambarkhana,10145,0.66,2.13,0.81,220.55,218.96,0
2024,Rajshahi,Charghat,25958,0.83,2.55,0.84,252.8,254.79,1
2014,Barishal,Bakerganj,13825,0.88,4.68,0.98,161.37,163.02,1
2021,Sylhet,Subidbazar,16719,0.88,4.36,0.9,92.43,93.46,2
2018,Chattogram,Double Mooring,28987,0.93,2.12,0.82,149.03,142.52,0
2013,Dhaka,Dhanmondi,25795,0.98,4.2,1.04,81.2,78.41,0
2011,Chattogram,Kotwali,19764,0.88,2.43,1.1,210.81,218.1,1
2018,Barishal,Chandpur,18089,0.77,2.04,1.17,224.75,230.45,0
2024,Dhaka,Uttara,17235,0.63,2.3,1.18,113.86,116.46,0
2020,Khulna,Daulatpur,26182,0.77,2.12,1.19,136.39,133.45,1
2021,Khulna,Sonadanga,24257,0.79,4.04,1.04,104.26,102.92,1
2010,Chattogram,Pahartali,24719,0.66,3.54,1.11,86.32,87.99,1
2011,Chattogram,Kotwali,29071,0.99,3.54,0.85,207.64,217.01,1
2019,Khulna,Daulatpur,18321,0.59,3.96,0.92,169.84,168.08,0
2020,Mymensingh,Muktagachha,10338,0.88,4.42,1.06,204.82,211.97,0
2010,Khulna,Sonadanga,27028,0.9,4.83,1.1,164.48,169.51,0
2012,Rajshahi,Charghat,25899,0.65,3.39,0.91,142.69,146.74,0
2022,Rajshahi,Boalia,23921,0.84,3.38,1.07,161.91,164.06,1
2024,Khulna,Sonadanga,10037,0.57,2.31,1.15,210.53,217.37,2
2021,Chattogram,Pahartali,11619,0.66,4.04,1.1,109.71,108.05,2
2020,Dhaka,Uttara,12239,0.74,2.67,1.17,137.58,139.37,1
2019,Rajshahi,Charghat,25504,0.92,4.59,1.11,80.9,83.29,2
2017,Dhaka,Gulshan,25037,0.72,4.93,0.84,122.7,127.1,0
2018,Khulna,Daulatpur,23030,0.76,2.51,0.91,136.61,131.79,1
2023,Mymensingh,Trishal,13636,0.98,4.55,0.9,192.5,185.36,2
2022,Rajshahi,Shah Makhdum,13808,0.73,2.96,1.1,127.18,129.04,1
2017,Barishal,Bakerganj,26371,0.57,2.27,0.82,140.8,141.94,0
2022,Rangpur,Gangachara,25845,0.75,4.06,0.86,150.48,157.46,0
2024,Barishal,Chandpur,24282,0.56,2.24,0.92,26.04,25.08,1
2012,Rangpur,Kaunia,15793,0.69,4.37,1.16,115.97,121.35,0
2016,Chattogram,Double Mooring,24870,0.55,4.46,0.89,201.62,195.43,0
2010,Chattogram,Kotwali,22638,0.57,3.23,0.85,70.08,69.1,1
2024,Chattogram,Pahartali,20486,0.67,2.75,1.18,100.25,96.63,0
2017,Dhaka,Uttara,11868,1.0,4.23,0.83,118.72,122.73,0
2011,Rangpur,Gangachara,18467,0.72,2.7,0.91,125.97,122.66,2
2019,Mymensingh,Trishal,14109,0.59,2.18,0.9,69.99,73.32,0
2021,Khulna,Daulatpur,22183,0.93,4.81,1.11,140.64,146.83,2
2012,Mymensingh,Bhaluka,28385,0.71,3.51,1.0,21.35,21.35,0
2010,Sylhet,Ambarkhana,16441,0.96,3.27,0.83,192.39,189.96,1
2016,Rajshahi,Boalia,27721,0.82,3.78,0.95,102.18,102.11,0
2024,Rangpur,Kaunia,27064,0.64,4.15,0.93,103.43,102.68,1
2018,Sylhet,Subidbazar,22582,0.67,3.78,1.16,131.79,133.41,1
2024,Sylhet,Zindabazar,23036,0.81,2.5,1.08,52.5,51.11,0
2010,Barishal,Kawran Bazar,17291,0.72,2.78,1.09,116.32,120.41,0
2024,Chattogram,Kotwali,16430,0.66,2.22,0.87,200.05,196.79,2
2013,Rajshahi,Boalia,25787,0.77,2.1,1.16,101.76,103.41,0
2021,Khulna,Daulatpur,19506,0.78,2.22,1.05,110.94,114.31,2
2017,Rangpur,Kaunia,28323,0.8,3.21,1.13,167.2,163.11,0
2018,Sylhet,Subidbazar,20209,0.71,3.54,1.11,125.98,127.52,2
2022,Dhaka,Uttara,17838,0.61,3.53,1.13,95.74,92.13,1
2019,Barishal,Bakerganj,18128,0.55,4.28,1.09,91.98,87.87,1
2013,Mymensingh,Trishal,27421,0.89,4.28,1.07,181.4,181.44,0
2016,Khulna,Sonadanga,19882,0.99,3.9,0.9,189.55,190.31,1
2022,Khulna,Sonadanga,11764,0.99,4.67,1.04,214.41,215.64,1
2016,Dhaka,Dhanmondi,14082,0.62,3.03,0.97,208.86,200.63,0
2012,Rajshahi,Charghat,10671,0.77,2.33,1.02,95.62,93.94,1
2014,Rangpur,Gangachara,28138,0.98,4.32,1.14,165.12,159.64,2
2020,Khulna,Daulatpur,28243,0.67,2.24,1.2,93.46,94.19,2
2024,Dhaka,Uttara,20616,0.9,3.25,0.97,198.54,195.65,0
2014,Khulna,Khalishpur,16922,0.69,2.35,0.91,104.4,100.27,1
2015,Sylhet,Subidbazar,22537,0.93,3.93,1.06,213.18,218.31,1
2025,Sylhet,Subidbazar,18189,0.8,2.02,0.93,148.63,147.09,1
2021,Barishal,Bakerganj,17079,0.88,4.93,1.01,125.27,128.97,0
2020,Barishal,Bakerganj,12283,0.58,3.03,1.07,67.11,69.59,1
2012,Dhaka,Dhanmondi,17311,0.8,2.2,1.11,58.97,58.38,1
2018,Mymensingh,Trishal,28749,0.65,2.16,0.88,83.97,82.64,0
2020,Rangpur,Gangachara,21174,1.0,2.17,1.09,181.23,187.88,2
2025,Rajshahi,Charghat,13645,0.91,2.21,0.99,190.53,192.98,1
2025,Rajshahi,Charghat,23223,0.85,2.6,0.82,114.78,119.84,0
2025,Dhaka,Uttara,27150,0.88,2.96,1.16,73.03,70.68,0
2024,Rajshahi,Charghat,19411,0.84,2.98,1.14,90.71,90.11,0
2014,Rajshahi,Charghat,19339,0.78,4.09,1.14,122.55,126.34,0
2010,Barishal,Kawran Bazar,12672,0.57,2.65,0.81,138.7,133.23,2
2017,Rangpur,Mithapukur,19627,0.74,2.04,0.99,92.05,94.99,2
2011,Khulna,Khalishpur,27667,0.8,3.79,1.15,147.94,145.65,2
2024,Chattogram,Pahartali,27864,0.71,3.0,0.96,94.8,98.96,0
2016,Dhaka,Uttara,18772,0.94,3.39,1.11,212.02,221.17,0
2018,Rangpur,Kaunia,19611,0.84,3.84,0.93,147.24,147.2,1
2010,Chattogram,Pahartali,27356,0.99,4.54,0.81,218.5,217.58,0
2020,Mymensingh,Trishal,10728,0.91,2.85,0.87,234.54,241.74,2
2025,Mymensingh,Muktagachha,20401,0.63,3.78,0.96,52.17,49.71,1
2025,Dhaka,Uttara,20530,0.95,3.66,1.12,120.18,119.94,0
2024,Mymensingh,Trishal,24635,0.6,3.85,0.98,65.73,66.09,1
2011,Mymensingh,Trishal,23621,0.94,4.64,0.94,34.42,35.19,0
2012,Sylhet,Zindabazar,15906,0.95,4.41,1.0,227.13,230.94,1
2021,Rajshahi,Boalia,23947,0.78,3.31,0.94,201.86,197.56,0
2025,Mymensingh,Trishal,28207,0.85,2.9,0.88,111.53,114.83,0
2021,Khulna,Daulatpur,17435,0.79,3.37,0.96,140.29,143.41,0
2010,Khulna,Daulatpur,13201,0.69,2.07,0.8,108.18,111.41,0
2022,Rangpur,Mithapukur,11986,0.92,2.98,0.92,162.88,159.87,0
2012,Dhaka,Dhanmondi,10719,0.68,4.78,1.19,141.62,136.56,0
2024,Rangpur,Gangachara,11306,0.74,4.45,1.14,51.39,51.45,0
2016,Khulna,Sonadanga,26924,0.74,3.31,0.92,207.5,216.55,2
2024,Chattogram,Pahartali,20589,0.79,4.53,0.97,118.39,123.3,0
2011,Rangpur,Kaunia,21469,0.72,4.66,0.86,58.31,56.46,2
2017,Sylhet,Ambarkhana,23455,0.86,3.79,1.0,234.64,238.94,0
2018,Rajshahi,Charghat,13664,0.56,2.16,0.86,93.33,94.87,0
2013,Sylhet,Subidbazar,16371,0.79,3.76,1.1,145.76,140.33,0
2018,Mymensingh,Muktagachha,11531,0.68,4.61,0.89,267.32,254.28,2
2013,Sylhet,Subidbazar,23569,0.55,3.18,1.14,95.3,95.66,0
2015,Rajshahi,Shah Makhdum,24478,0.65,2.1,0.92,187.48,190.57,0
2024,Rajshahi,Charghat,27709,0.57,4.5,1.14,93.72,93.37,0
2017,Barishal,Bakerganj,17415,0.68,4.79,0.96,213.5,204.13,0
2018,Mymensingh,Muktagachha,22972,0.66,3.69,0.94,159.42,166.09,0
2025,Dhaka,Uttara,26061,0.57,3.71,1.06,123.67,127.81,2
2023,Barishal,Bakerganj,15827,0.58,4.63,1.15,132.85,137.34,0
2016,Barishal,Kawran Bazar,23067,0.7,2.19,0.92,115.04,117.68,1
2016,Rangpur,Mithapukur,13072,0.65,3.98,0.96,178.94,187.88,0
2010,Sylhet,Ambarkhana,13408,0.87,4.18,1.02,150.69,145.61,1
2011,Rajshahi,Boalia,17598,0.66,4.67,0.8,72.73,76.07,1
2021,Sylhet,Ambarkhana,23147,0.83,3.44,1.06,68.99,66.32,1
2020,Mymensingh,Trishal,18906,0.77,3.16,0.98,88.81,92.27,0
2019,Dhaka,Uttara,13793,0.69,4.43,1.15,93.07,94.84,2
2019,Chattogram,Double Mooring,20051,0.59,2.6,0.97,143.49,146.24,0
2020,Rajshahi,Charghat,28231,0.88,4.62,0.89,106.99,102.31,2
2019,Barishal,Bakerganj,12936,0.58,4.07,1.09,52.97,55.24,0
2022,Rajshahi,Shah Makhdum,26374,0.78,3.52,0.86,251.4,255.5,1
2017,Khulna,Daulatpur,28660,0.57,3.35,1.03,201.52,198.14,0
2019,Mymensingh,Trishal,27340,0.57,4.96,0.85,96.35,93.7,0
2014,Khulna,Daulatpur,18949,0.79,3.6,0.96,63.9,66.95,2
2013,Mymensingh,Trishal,29766,0.57,3.16,0.94,82.12,82.05,0
2018,Dhaka,Dhanmondi,25154,0.57,2.61,0.97,77.38,73.51,2
2015,Rangpur,Kaunia,26330,0.93,2.79,0.98,124.07,126.1,1
2015,Khulna,Daulatpur,17296,0.89,3.23,1.06,32.6,31.49,0
2014,Barishal,Kawran Bazar,12430,0.59,4.68,1.02,215.38,214.35,1
2019,Rangpur,Mithapukur,29362,0.75,4.19,1.11,52.91,54.24,1
2020,Rangpur,Gangachara,22156,0.95,2.69,0.96,256.26,256.69,0
2011,Rajshahi,Charghat,15105,0.98,2.85,0.98,99.41,96.05,0
2013,Barishal,Chandpur,11850,0.63,2.55,1.01,215.51,206.45,1
2010,Barishal,Bakerganj,10887,0.9,2.86,0.97,180.95,177.92,0
2023,Chattogram,Pahartali,27889,0.9,3.65,0.83,247.59,253.82,2
2010,Sylhet,Ambarkhana,28564,0.91,3.38,1.14,140.33,136.25,1
2025,Rajshahi,Charghat,26032,0.64,2.08,0.87,155.05,153.83,2
2023,Rangpur,Kaunia,23327,0.62,4.07,0.87,150.69,154.3,1
2023,Chattogram,Double Mooring,11340,0.85,4.88,1.04,146.32,139.22,0
2019,Rajshahi,Charghat,26873,0.74,2.62,1.12,103.05,106.9,1
2012,Rajshahi,Shah Makhdum,18070,0.71,4.21,0.98,54.71,52.94,0
2014,Rajshahi,Boalia,29978,0.67,3.14,1.04,61.54,61.86,0
2011,Khulna,Sonadanga,14886,0.85,4.39,0.91,202.63,197.85,2
2012,Rajshahi,Shah Makhdum,10599,0.97,4.93,1.13,142.29,148.93,1
2023,Khulna,Daulatpur,22629,0.58,2.06,1.13,165.14,169.69,0
2014,Chattogram,Double Mooring,21064,0.99,3.35,1.01,174.97,170.27,2
2017,Dhaka,Gulshan,15415,0.87,2.14,1.11,227.95,235.36,0
2013,Sylhet,Ambarkhana,16264,0.61,3.67,1.18,144.75,150.98,2
2010,Sylhet,Zindabazar,24594,0.57,3.01,0.85,29.52,30.97,0
2013,Rangpur,Mithapukur,22096,0.69,4.32,1.11,133.91,130.77,0
2025,Barishal,Chandpur,10296,0.88,4.13,0.88,69.52,69.09,1
2021,Khulna,Daulatpur,11986,0.57,4.66,1.08,102.21,98.97,0
2019,Rajshahi,Boalia,20720,0.67,4.54,0.97,112.06,110.76,2
2023,Khulna,Daulatpur,15840,0.64,3.41,0.99,149.86,150.12,0
2020,Rangpur,Mithapukur,13768,0.68,3.25,0.95,208.32,216.76,0
2024,Rajshahi,Boalia,10154,0.76,2.68,1.1,292.6,290.37,0
2025,Dhaka,Uttara,19510,0.87,4.7,1.05,217.97,214.82,0
2012,Khulna,Daulatpur,10391,0.88,4.31,0.83,121.69,117.02,2
2011,Rajshahi,Charghat,16296,0.92,2.65,1.12,149.61,146.19,0
2023,Khulna,Daulatpur,14399,0.69,3.41,1.0,95.17,93.41,1
2016,Khulna,Daulatpur,23407,0.8,4.14,1.06,140.06,146.43,1
2021,Chattogram,Kotwali,15177,0.59,2.08,1.19,202.61,195.99,0
2010,Rajshahi,Boalia,15842,0.84,2.14,0.94,216.17,216.18,0
2013,Barishal,Bakerganj,17005,0.98,3.25,1.14,165.36,169.25,1
2025,Rangpur,Gangachara,18975,0.63,4.48,1.03,106.06,109.27,0
2015,Rangpur,Kaunia,11409,0.66,4.7,1.16,275.98,283.67,0
2019,Mymensingh,Bhaluka,21962,0.95,2.6,0.91,106.15,104.84,0
2024,Chattogram,Double Mooring,23280,0.88,4.84,1.17,208.59,212.41,0
2019,Mymensingh,Bhaluka,12443,0.96,2.42,0.84,113.79,109.26,2
2011,Khulna,Sonadanga,18210,0.75,4.12,0.96,100.01,104.3,0
2018,Chattogram,Double Mooring,26170,0.56,2.97,1.19,165.45,162.85,1
2011,Rangpur,Mithapukur,10226,0.91,2.37,1.08,139.76,145.21,2
2023,Khulna,Sonadanga,10954,0.94,4.61,1.09,260.15,250.62,0
2020,Rangpur,Gangachara,29613,0.64,2.75,1.12,104.37,108.19,0
2019,Khulna,Khalishpur,29790,0.58,2.08,0.9,265.98,277.11,0
2025,Chattogram,Double Mooring,10354,0.84,4.98,1.11,104.39,103.81,0
2013,Mymensingh,Trishal,15178,0.69,3.52,0.82,57.76,60.57,2
2014,Mymensingh,Bhaluka,12187,0.66,3.55,1.01,142.19,140.11,2
2015,Khulna,Daulatpur,22404,0.87,4.82,0.93,45.96,45.94,1
2020,Rangpur,Kaunia,13190,0.8,2.26,0.97,184.12,187.68,2
2015,Chattogram,Double Mooring,11473,0.63,4.22,0.92,183.18,176.37,0
2017,Rangpur,Gangachara,20686,0.78,2.97,0.9,146.59,140.82,1
2019,Rajshahi,Charghat,28845,0.86,3.22,0.81,173.01,168.74,0
2020,Chattogram,Double Mooring,18009,0.58,4.86,0.89,243.52,244.84,2
2012,Rangpur,Kaunia,17860,0.77,3.42,1.0,188.02,194.26,0
2012,Mymensingh,Trishal,14666,0.76,2.16,1.11,106.51,103.94,0
2022,Dhaka,Uttara,16103,0.8,4.48,1.05,175.77,183.82,1
2015,Khulna,Daulatpur,12064,0.96,2.8,1.09,187.97,179.35,0
2016,Sylhet,Zindabazar,22383,0.86,2.42,1.04,157.97,153.28,2
2011,Mymensingh,Muktagachha,25649,0.61,3.89,0.82,161.72,158.1,1
2019,Barishal,Bakerganj,13513,0.64,4.83,1.19,124.38,121.52,1
2022,Rangpur,Kaunia,10016,0.85,4.83,1.12,71.56,69.79,1
2013,Chattogram,Pahartali,16294,0.56,2.92,1.08,37.91,38.57,2
2017,Sylhet,Zindabazar,28582,0.8,3.94,0.88,52.84,54.98,2
2023,Mymensingh,Bhaluka,28091,0.75,3.66,1.04,66.17,65.31,0
2023,Barishal,Bakerganj,29164,0.74,4.16,1.03,162.91,157.11,0
2025,Mymensingh,Trishal,26587,0.93,2.18,0.91,58.58,59.56,0
2021,Sylhet,Subidbazar,22000,0.79,2.01,0.83,147.17,152.8,0
2016,Barishal,Kawran Bazar,18707,0.98,4.83,1.11,251.53,240.86,0
2016,Rajshahi,Charghat,24501,0.79,3.47,0.96,42.05,42.36,0
2019,Barishal,Bakerganj,20171,0.81,4.5,1.12,258.52,247.14,1
2011,Barishal,Chandpur,23266,0.85,4.71,0.84,75.73,77.31,2
2013,Mymensingh,Trishal,24788,0.63,4.07,0.88,126.87,121.75,0
2013,Chattogram,Kotwali,25479,0.99,3.55,1.05,18.7,17.91,0
2012,Rangpur,Gangachara,29282,0.85,3.57,0.94,219.78,217.42,2
2022,Dhaka,Dhanmondi,19713,0.74,4.72,0.9,49.62,47.78,1
2015,Rangpur,Kaunia,14158,0.73,4.49,1.03,63.85,65.45,2
2014,Rajshahi,Shah Makhdum,10534,0.91,2.36,0.86,138.74,143.41,1
2017,Rangpur,Kaunia,22728,0.7,3.45,0.88,143.33,143.57,0
2010,Barishal,Bakerganj,26112,0.66,4.99,0.88,71.02,71.93,0
2014,Rangpur,Kaunia,17382,0.68,4.41,1.2,54.46,57.04,0
2012,Rangpur,Mithapukur,25522,0.56,3.96,0.95,172.17,171.71,2
2013,Mymensingh,Trishal,22234,0.58,2.39,0.85,100.52,96.89,1
2013,Khulna,Sonadanga,25126,0.57,4.1,0.82,215.03,213.77,0
2018,Rangpur,Mithapukur,26152,0.88,2.84,0.85,222.92,222.71,0
2011,Rajshahi,Charghat,14760,0.72,3.2,1.03,172.7,178.11,1
2023,Chattogram,Pahartali,16344,0.84,4.98,0.83,36.34,35.76,2
2020,Dhaka,Uttara,26898,1.0,2.3,0.96,218.13,223.21,1
2025,Barishal,Chandpur,21533,0.86,2.36,1.18,82.91,83.93,0
2016,Barishal,Chandpur,28925,0.99,3.58,0.87,113.83,108.35,2
2015,Khulna,Sonadanga,23180,0.85,2.56,1.05,93.84,91.13,0
2024,Chattogram,Pahartali,24629,0.68,2.0,0.91,125.53,126.7,0
2013,Khulna,Daulatpur,15257,0.64,4.68,0.97,91.8,91.23,0
2017,Chattogram,Pahartali,12410,0.67,3.6,1.14,68.38,71.48,0
2017,Chattogram,Pahartali,21918,0.86,2.15,1.07,21.71,21.3,0
2025,Rajshahi,Shah Makhdum,26086,0.91,3.28,0.81,162.12,158.19,0
2016,Dhaka,Gulshan,14117,0.76,3.05,0.95,181.73,178.61,0
2010,Mymensingh,Muktagachha,17210,0.75,2.12,0.94,215.64,219.99,0
2025,Rajshahi,Boalia,23964,0.65,3.19,1.16,93.73,93.85,0
2025,Barishal,Kawran Bazar,17631,0.74,2.88,0.95,160.73,157.82,2
2014,Dhaka,Dhanmondi,14242,0.99,4.84,0.88,199.16,199.97,2
2016,Sylhet,Subidbazar,11151,0.96,2.05,1.11,66.13,68.1,1
2022,Sylhet,Zindabazar,10587,0.7,2.52,1.08,216.66,208.9,0
2015,Rangpur,Mithapukur,14452,0.73,3.85,1.05,87.8,87.83,2
2013,Sylhet,Zindabazar,18199,0.9,2.93,0.89,128.47,132.08,2
2014,Mymensingh,Bhaluka,16295,0.71,2.71,1.11,123.85,127.85,0
2011,Chattogram,Pahartali,27177,0.58,2.99,0.91,103.4,105.78,1
2021,Barishal,Kawran Bazar,26682,0.56,2.46,1.08,158.33,164.45,2
2017,Chattogram,Pahartali,10120,0.87,4.33,1.07,137.07,143.76,0
2017,Dhaka,Gulshan,29584,0.57,3.09,1.09,219.46,215.36,1
2012,Barishal,Bakerganj,17124,0.77,4.22,1.0,139.73,144.46,0
2023,Mymensingh,Trishal,10118,0.55,3.48,1.19,131.98,130.6,1
2017,Sylhet,Ambarkhana,20913,0.63,2.74,1.14,128.62,124.47,1
2017,Dhaka,Uttara,15690,0.88,3.86,1.16,214.0,210.04,0
2017,Mymensingh,Bhaluka,18261,0.94,4.04,0.87,92.43,94.01,0
2025,Rangpur,Gangachara,21296,0.7,3.47,1.11,247.44,246.1,0
2022,Dhaka,Gulshan,19650,0.67,3.77,0.94,64.79,62.75,1
2014,Mymensingh,Muktagachha,11469,0.79,3.53,0.9,173.9,173.22,0
2017,Rangpur,Kaunia,26281,0.86,3.02,0.9,116.79,121.89,0
2015,Barishal,Chandpur,19171,0.59,2.1,0.82,144.36,141.12,1
2013,Rajshahi,Shah Makhdum,16217,0.79,2.02,0.84,59.82,61.17,0
2019,Barishal,Bakerganj,11312,0.95,4.39,1.06,229.31,237.04,1
2021,Rajshahi,Boalia,12866,0.85,3.6,0.84,39.17,40.89,2
2025,Rangpur,Kaunia,28031,0.6,2.5,0.8,161.58,165.34,1
2016,Rangpur,Gangachara,15204,0.83,4.91,1.09,258.89,265.68,1
2022,Khulna,Khalishpur,12951,0.68,2.46,0.91,80.64,81.03,0
2018,Rangpur,Mithapukur,13748,0.86,2.81,0.9,83.66,81.31,1
2015,Chattogram,Kotwali,20086,0.83,3.42,1.18,191.64,199.45,1
2022,Rangpur,Kaunia,16273,0.76,3.37,1.03,123.33,127.4,1
2015,Chattogram,Double Mooring,12488,0.68,3.05,1.17,116.7,113.31,1
2025,Barishal,Kawran Bazar,13816,0.79,3.53,1.13,146.67,146.44,0
2015,Chattogram,Kotwali,26288,0.93,2.59,0.98,74.97,73.2,1
2010,Rangpur,Kaunia,21619,0.6,2.98,1.13,132.59,137.29,0
2012,Khulna,Sonadanga,14495,0.57,4.66,0.81,195.76,192.4,0
2010,Rangpur,Mithapukur,25563,0.76,4.53,1.12,107.55,111.51,0
2023,Rajshahi,Boalia,26230,0.81,3.76,0.87,102.13,100.44,0
2018,Chattogram,Kotwali,11309,0.68,3.94,1.15,59.79,60.43,1
2012,Dhaka,Uttara,14893,0.9,2.51,0.95,98.88,98.21,1
2020,Mymensingh,Trishal,23305,0.68,2.25,0.92,155.06,150.17,0
2021,Dhaka,Dhanmondi,19139,0.72,4.73,1.05,140.98,142.61,0
2017,Mymensingh,Trishal,16573,0.64,2.27,0.86,125.18,128.9,0
2018,Rajshahi,Shah Makhdum,26294,0.81,2.09,1.07,35.04,34.87,2
2013,Chattogram,Pahartali,12460,0.62,4.81,1.17,238.28,228.01,0
2024,Khulna,Sonadanga,21110,0.83,4.18,0.95,76.6,74.35,0
2013,Sylhet,Subidbazar,12739,0.79,3.38,1.0,58.18,59.25,1
2017,Sylhet,Ambarkhana,23931,0.63,4.68,1.02,211.49,219.87,0
2016,Rajshahi,Boalia,14232,0.64,2.35,0.97,264.8,271.29,0
2012,Rajshahi,Charghat,15565,0.75,4.46,1.02,96.23,93.68,0
2025,Sylhet,Subidbazar,28474,0.58,4.12,1.02,133.6,133.04,0
2016,Rangpur,Kaunia,27264,0.68,2.55,0.82,39.31,40.39,0
2015,Khulna,Sonadanga,26301,0.95,3.55,0.98,48.55,47.78,2
2018,Chattogram,Double Mooring,18906,0.72,2.59,0.99,93.78,94.0,1
2025,Mymensingh,Muktagachha,17083,0.65,4.92,1.11,118.06,118.84,2
2022,Dhaka,Gulshan,17328,0.89,3.45,0.89,230.54,239.71,1
2014,Rangpur,Gangachara,17382,0.74,2.22,1.03,184.29,176.68,0
2014,Mymensingh,Muktagachha,19206,0.85,3.33,1.15,97.95,102.3,1
2010,Sylhet,Zindabazar,19370,0.64,4.78,0.97,99.29,97.44,0
2011,Rajshahi,Charghat,28939,0.75,2.11,1.09,157.03,152.35,0
2017,Dhaka,Gulshan,17633,0.71,3.97,1.01,204.73,199.94,0
2022,Dhaka,Uttara,29838,0.71,3.91,0.83,123.28,123.71,2
2010,Barishal,Chandpur,29073,0.95,3.89,0.98,64.87,64.87,1
2023,Rangpur,Gangachara,25823,0.95,3.24,1.01,32.82,31.19,0
2020,Rajshahi,Charghat,17754,0.92,4.93,0.96,30.5,29.18,2
2022,Mymensingh,Trishal,22459,0.88,4.8,0.91,252.8,241.6,2
2012,Mymensingh,Bhaluka,23245,0.87,3.42,0.84,125.76,125.43,0
2011,Rajshahi,Charghat,14332,0.58,2.24,1.2,201.87,210.39,0
2011,Rangpur,Gangachara,14167,0.76,4.04,0.96,247.54,253.03,1
2023,Rajshahi,Shah Makhdum,17320,0.96,3.9,0.83,247.06,258.37,0
2017,Dhaka,Uttara,22197,0.77,2.74,1.15,168.88,169.13,0
2023,Sylhet,Subidbazar,26198,0.68,2.48,1.17,211.62,214.44,2
2020,Chattogram,Double Mooring,24541,0.9,4.98,1.04,102.74,106.21,1
2024,Chattogram,Kotwali,10851,0.81,3.16,1.06,165.38,163.5,2
2012,Rangpur,Mithapukur,28125,0.74,2.71,1.09,42.15,42.91,2
2021,Mymensingh,Trishal,12708,0.87,4.03,1.08,116.43,120.21,1
2014,Barishal,Chandpur,23666,0.71,2.76,0.81,118.92,123.1,2
2019,Dhaka,Uttara,15607,0.97,3.59,1.05,148.46,152.13,0
2010,Khulna,Sonadanga,10807,0.62,4.48,0.82,77.59,77.61,1
2025,Sylhet,Subidbazar,17429,0.95,2.01,0.82,197.48,205.52,0
2010,Chattogram,Pahartali,23161,0.6,2.05,1.16,71.37,72.53,2
2012,Chattogram,Double Mooring,21662,0.57,3.49,0.86,80.88,79.79,0
2015,Rajshahi,Charghat,12711,0.57,3.53,0.96,121.02,126.97,2
2012,Chattogram,Pahartali,16616,0.64,3.62,1.08,40.81,42.84,2
2023,Sylhet,Subidbazar,25082,0.74,4.07,0.94,74.02,70.68,0
2019,Chattogram,Kotwali,24119,0.6,2.03,0.86,68.47,69.36,0
2012,Rangpur,Mithapukur,22714,0.99,3.54,1.17,120.82,118.3,0
2025,Chattogram,Kotwali,12708,0.62,3.14,0.97,171.51,173.71,0
2020,Khulna,Daulatpur,15978,0.99,3.81,1.03,199.53,205.75,1
2017,Dhaka,Gulshan,20647,0.96,3.53,1.0,179.54,182.23,1
2020,Chattogram,Kotwali,27152,0.73,2.79,1.18,188.02,196.18,0
2025,Rangpur,Kaunia,10112,0.56,3.17,0.88,136.96,142.14,1
2011,Barishal,Chandpur,24391,0.59,3.76,0.89,206.58,212.44,1
2019,Khulna,Daulatpur,28756,0.6,4.16,1.14,132.74,126.38,0
2011,Chattogram,Pahartali,21934,0.74,3.35,1.04,56.28,53.58,0
2023,Mymensingh,Trishal,23393,0.93,2.17,1.1,253.28,248.57,2
2019,Dhaka,Gulshan,29925,0.82,4.42,0.86,67.74,66.47,1
2012,Chattogram,Pahartali,21130,0.55,3.91,1.01,165.72,160.33,0
2010,Sylhet,Zindabazar,13227,0.56,2.03,0.83,134.88,137.03,1
2022,Dhaka,Gulshan,21595,0.84,2.89,0.85,261.34,260.58,0
2017,Rajshahi,Boalia,12654,0.76,3.48,0.88,205.87,211.65,1
2018,Rajshahi,Boalia,19894,0.87,3.67,1.14,253.99,245.97,0
2012,Barishal,Chandpur,17332,0.79,3.2,0.92,182.72,188.26,0
2020,Mymensingh,Muktagachha,24998,0.83,2.92,0.93,95.85,94.41,2
2018,Dhaka,Uttara,18050,0.6,3.29,0.89,152.4,150.18,0
2018,Rajshahi,Shah Makhdum,28440,0.97,2.16,1.02,197.58,203.54,0
2023,Rangpur,Mithapukur,22888,0.73,2.62,1.13,178.03,170.87,1
2012,Chattogram,Kotwali,26335,0.94,4.89,1.1,95.29,97.43,1
2014,Rajshahi,Shah Makhdum,16166,0.96,2.57,1.05,122.96,117.32,0
2014,Barishal,Kawran Bazar,28057,0.88,2.62,0.9,79.42,80.13,0
2020,Rangpur,Kaunia,15402,0.89,2.62,1.08,27.14,26.92,1
2020,Dhaka,Gulshan,18519,0.6,4.4,0.87,189.64,184.67,0
2018,Rangpur,Gangachara,15330,0.85,2.56,0.87,94.28,92.06,0
2019,Rajshahi,Charghat,24849,0.79,3.4,0.84,182.03,184.32,0
2017,Chattogram,Pahartali,29891,0.9,3.81,0.85,139.74,144.82,2
2017,Chattogram,Kotwali,10365,0.95,2.98,1.16,251.23,259.41,2
2016,Rajshahi,Boalia,11230,0.9,4.28,0.88,73.36,74.82,0
2014,Rangpur,Mithapukur,19215,0.6,3.36,1.14,97.96,96.58,1
2013,Sylhet,Ambarkhana,12721,0.63,2.36,0.83,174.99,168.33,1
2020,Barishal,Chandpur,23863,0.61,2.31,1.01,90.17,94.36,1
2020,Rangpur,Gangachara,19219,0.93,2.97,1.16,65.66,63.16,0
2023,Mymensingh,Trishal,25646,0.94,3.79,1.04,198.7,192.25,2
2020,Dhaka,Gulshan,23584,0.79,3.49,0.96,135.08,129.68,0
2012,Dhaka,Gulshan,29539,0.84,2.82,1.18,91.13,90.51,2
2020,Barishal,Bakerganj,11920,0.83,3.6,0.85,184.73,177.66,0
2017,Khulna,Daulatpur,22103,0.85,2.28,1.09,116.92,119.04,0
2023,Chattogram,Kotwali,25096,0.8,2.92,0.96,121.75,122.97,1
2024,Barishal,Chandpur,12526,0.74,4.81,0.98,87.39,88.35,1
2025,Mymensingh,Bhaluka,18111,0.8,3.23,0.93,85.94,82.56,1
2011,Barishal,Bakerganj,29621,0.84,4.41,0.99,92.63,92.74,0
2023,Rajshahi,Charghat,10995,0.82,4.77,0.84,89.2,85.14,0
2022,Rangpur,Mithapukur,28758,0.59,3.42,0.8,58.42,60.22,1
2012,Mymensingh,Bhaluka,20729,0.94,4.22,1.08,137.0,141.24,2
2024,Sylhet,Subidbazar,15592,0.87,3.85,1.1,169.11,167.01,1
2014,Khulna,Khalishpur,21991,0.76,3.08,1.01,178.21,177.2,2
2024,Barishal,Bakerganj,11753,0.64,3.01,0.92,241.44,252.72,0
2023,Barishal,Kawran Bazar,24973,0.73,3.16,0.94,173.5,167.5,1
2014,Mymensingh,Muktagachha,29252,0.97,2.62,1.09,259.18,267.34,0
2014,Mymensingh,Muktagachha,25906,0.93,2.55,1.18,125.42,123.4,0
2016,Rangpur,Gangachara,11641,0.85,3.31,1.18,187.75,195.83,1
2015,Khulna,Khalishpur,11782,0.65,2.75,1.13,151.27,153.34,2
2024,Barishal,Kawran Bazar,22779,0.73,2.97,1.19,105.93,103.97,0
2010,Chattogram,Double Mooring,16971,0.86,4.38,0.93,187.65,196.72,0
2021,Mymensingh,Bhaluka,28504,0.95,2.34,0.8,193.66,185.03,0
2011,Barishal,Chandpur,26378,0.82,4.12,1.08,114.83,111.0,0
2022,Sylhet,Subidbazar,12942,0.95,4.25,1.16,250.85,260.61,1
2015,Sylhet,Subidbazar,13356,0.97,2.31,1.14,131.41,135.88,1
2014,Rangpur,Gangachara,11500,0.99,3.79,1.08,29.92,30.13,2
2024,Sylhet,Zindabazar,21618,0.69,2.55,1.1,165.75,158.13,0
2013,Rajshahi,Charghat,15329,0.83,4.1,1.08,76.71,79.47,0
2018,Mymensingh,Bhaluka,16893,0.98,4.19,1.0,188.87,179.74,0
2016,Rangpur,Kaunia,25082,0.94,3.88,1.07,49.86,52.02,1
2017,Sylhet,Zindabazar,25406,0.77,4.75,1.11,26.44,27.23,1
2020,Mymensingh,Muktagachha,17059,0.86,2.2,0.92,182.62,174.72,1
2011,Dhaka,Gulshan,15445,0.68,2.06,0.97,164.45,168.62,1
2014,Chattogram,Kotwali,26925,0.65,4.35,0.88,87.12,86.41,1
2018,Rajshahi,Charghat,10916,0.77,4.88,1.11,102.87,101.2,1
2019,Barishal,Kawran Bazar,22031,0.83,2.13,1.05,121.68,120.08,1
2023,Rajshahi,Shah Makhdum,13626,0.79,3.43,0.96,242.55,252.1,0
2023,Dhaka,Dhanmondi,18548,0.75,3.78,0.83,192.31,197.26,0
2011,Sylhet,Ambarkhana,14247,0.92,4.27,0.82,59.99,58.26,1
2017,Khulna,Daulatpur,24087,0.55,2.74,1.1,107.49,103.21,0
2011,Rajshahi,Charghat,12875,0.8,3.79,1.02,122.84,118.77,1
2013,Mymensingh,Trishal,11240,0.87,3.79,0.98,113.54,108.75,0
2013,Dhaka,Uttara,28847,0.7,4.57,0.97,60.83,58.95,1
2023,Sylhet,Zindabazar,19533,0.92,3.03,0.84,211.72,206.22,0
2025,Barishal,Chandpur,23481,0.6,4.1,0.88,261.28,273.33,0
2024,Barishal,Bakerganj,23746,0.79,3.58,0.86,66.23,64.3,1
2014,Khulna,Daulatpur,24996,0.59,2.07,1.06,143.58,144.25,0
2011,Rajshahi,Charghat,27308,0.8,3.6,0.88,86.63,90.24,0
2024,Sylhet,Ambarkhana,10778,1.0,4.57,1.01,118.58,122.51,1
2016,Mymensingh,Bhaluka,21777,0.79,4.49,1.2,211.66,215.78,1
2010,Chattogram,Pahartali,14757,0.79,3.04,0.97,199.81,192.19,0
2011,Mymensingh,Muktagachha,17715,0.79,2.49,1.14,183.24,180.39,0
2020,Mymensingh,Bhaluka,15704,0.94,4.98,1.1,45.87,44.9,0
2017,Mymensingh,Trishal,12428,0.76,2.57,0.82,70.7,71.27,0
2019,Rangpur,Mithapukur,19275,0.92,3.1,0.94,112.18,107.43,2
2022,Mymensingh,Trishal,20077,0.92,2.82,1.01,136.47,141.14,0
2024,Barishal,Bakerganj,29275,0.76,4.15,0.91,119.24,117.02,0
2024,Mymensingh,Bhaluka,14928,0.9,2.17,0.95,200.4,197.49,1
2012,Rangpur,Kaunia,19475,0.58,3.35,0.88,145.92,148.1,0
2024,Khulna,Daulatpur,19776,0.57,4.74,1.13,113.95,111.71,0
2022,Rajshahi,Shah Makhdum,24500,0.57,3.73,1.11,30.02,30.17,2
2021,Khulna,Sonadanga,25455,0.65,3.33,1.05,229.68,220.58,2
2023,Chattogram,Double Mooring,12983,0.75,3.21,1.03,213.01,213.83,1
2023,Chattogram,Double Mooring,25033,0.78,2.3,0.81,262.58,259.35,1
2025,Sylhet,Zindabazar,18328,0.74,3.29,1.02,180.86,180.86,0
2022,Chattogram,Pahartali,20683,0.64,3.69,0.93,93.71,92.4,0
2014,Sylhet,Subidbazar,22962,0.9,4.78,0.99,119.06,123.69,1
2023,Dhaka,Uttara,25791,0.83,4.14,0.97,90.3,94.47,2
2024,Rangpur,Mithapukur,18080,0.88,2.46,1.14,205.97,197.85,1
2020,Barishal,Kawran Bazar,15542,0.83,2.97,1.13,166.66,161.64,0
2013,Khulna,Daulatpur,16380,0.75,4.54,0.88,187.79,184.82,2
2017,Dhaka,Uttara,16709,0.63,4.96,1.02,198.04,194.58,0
2025,Chattogram,Kotwali,19120,0.97,4.18,1.17,265.16,266.68,2
2014,Rangpur,Mithapukur,27261,0.66,3.17,0.98,185.33,185.78,2
2014,Rangpur,Mithapukur,26940,0.66,4.48,0.99,140.85,138.1,0
2016,Dhaka,Uttara,13309,0.79,4.46,0.84,197.02,188.3,0
2024,Mymensingh,Trishal,15912,0.78,2.05,1.17,91.22,93.91,0
2012,Khulna,Daulatpur,23546,1.0,4.41,1.11,115.44,112.95,0
2013,Khulna,Khalishpur,12962,0.82,3.84,1.06,74.75,72.5,2
2015,Sylhet,Subidbazar,17423,0.92,3.48,0.85,72.71,74.82,0
2014,Barishal,Kawran Bazar,15197,0.73,4.42,1.04,78.79,75.04,0
2022,Mymensingh,Bhaluka,26299,0.99,4.7,1.06,88.68,86.5,2
2019,Barishal,Bakerganj,22764,0.96,3.34,1.02,261.5,253.98,1
2022,Mymensingh,Bhaluka,17657,0.92,2.17,0.97,142.04,145.24,1
2019,Mymensingh,Muktagachha,22748,0.81,4.42,1.1,65.36,64.45,0
2017,Dhaka,Uttara,12143,0.99,3.81,1.12,193.34,185.35,1
2022,Chattogram,Double Mooring,22316,0.97,2.07,1.08,170.23,175.96,2
2011,Rajshahi,Charghat,25990,0.95,2.78,1.02,166.12,160.81,0
2013,Mymensingh,Muktagachha,11648,0.72,4.07,0.95,68.93,71.25,0
2013,Barishal,Chandpur,26727,0.62,2.89,0.84,246.99,234.79,0
2011,Chattogram,Double Mooring,16654,0.81,4.15,0.85,185.76,186.7,1
2025,Mymensingh,Bhaluka,18566,0.81,4.5,1.16,85.5,86.99,0
2019,Sylhet,Zindabazar,10080,0.67,4.56,1.15,201.75,195.07,2
2014,Sylhet,Zindabazar,11702,0.71,3.45,1.0,118.02,123.2,2
2023,Mymensingh,Bhaluka,20773,0.79,4.18,0.84,235.19,225.59,2
2018,Khulna,Sonadanga,21785,0.85,2.95,1.07,245.95,239.49,2
2011,Mymensingh,Muktagachha,17857,0.74,2.93,1.18,126.35,123.24,2
2022,Rajshahi,Charghat,29559,0.73,4.17,0.91,210.91,200.88,0
2013,Mymensingh,Trishal,13407,0.58,2.9,0.99,44.45,42.48,1
2019,Rangpur,Gangachara,21996,0.75,2.21,1.09,147.57,145.64,0
2015,Rangpur,Mithapukur,22411,0.68,4.66,0.95,48.94,50.18,2
2019,Chattogram,Pahartali,28592,0.6,3.97,1.16,111.18,116.39,0
2017,Khulna,Khalishpur,13180,0.82,2.56,0.93,149.16,153.8,2
2020,Khulna,Sonadanga,19283,0.89,3.56,0.88,220.42,231.11,1
2016,Sylhet,Subidbazar,29359,0.64,2.97,1.13,139.91,141.42,0
2010,Chattogram,Double Mooring,19327,0.63,2.25,0.97,167.4,166.36,0
2010,Chattogram,Double Mooring,14938,0.91,3.21,0.97,118.41,123.66,0
2018,Rajshahi,Shah Makhdum,10771,0.72,3.46,1.06,273.4,273.57,1
2019,Dhaka,Uttara,28990,0.72,4.95,1.11,201.85,207.61,1
2017,Rajshahi,Charghat,11920,0.65,4.18,1.05,207.43,207.39,1
2013,Dhaka,Dhanmondi,24916,0.88,3.54,1.07,55.56,53.18,0
2025,Barishal,Kawran Bazar,22773,0.87,3.71,1.1,73.38,76.19,1
2024,Mymensingh,Muktagachha,17065,0.66,2.97,0.87,163.69,166.91,1
2024,Rangpur,Kaunia,19803,0.79,2.65,1.2,183.91,191.22,1
2020,Dhaka,Uttara,24607,0.84,3.49,0.96,247.9,248.46,0
2023,Rajshahi,Shah Makhdum,13009,0.89,2.02,0.8,151.5,146.1,0
2012,Mymensingh,Muktagachha,26179,0.83,2.39,0.92,88.9,92.53,1
2024,Chattogram,Kotwali,13186,0.67,2.06,0.81,287.83,283.57,0
2015,Dhaka,Dhanmondi,20976,0.94,4.44,1.18,191.66,187.28,0
2024,Chattogram,Kotwali,22603,0.71,4.9,1.12,185.04,181.21,0
2016,Dhaka,Uttara,17489,0.93,3.25,0.92,238.24,238.61,0
2017,Rangpur,Kaunia,27677,0.77,4.69,1.12,75.65,74.29,0
2013,Khulna,Sonadanga,28608,0.89,3.97,1.13,174.97,183.18,1
2010,Barishal,Bakerganj,23994,0.91,4.22,0.83,78.37,76.67,0
2016,Rajshahi,Charghat,16853,0.57,2.04,1.12,128.18,133.72,2
2019,Rangpur,Gangachara,27065,0.76,2.13,1.08,99.31,96.29,1
2012,Rangpur,Kaunia,13367,0.6,3.7,1.17,50.35,49.96,1
2018,Chattogram,Kotwali,18881,0.73,3.73,0.92,131.17,135.01,2
2023,Rangpur,Kaunia,28807,0.7,2.94,1.0,283.69,270.86,0
2016,Rangpur,Kaunia,15622,0.77,4.55,0.84,215.78,206.19,2
2022,Khulna,Khalishpur,22080,0.84,2.45,1.08,207.67,205.04,0
2020,Khulna,Sonadanga,25167,0.7,2.76,1.05,54.03,54.6,1
2020,Barishal,Chandpur,18783,0.77,2.63,0.94,196.51,205.18,0
2019,Rajshahi,Shah Makhdum,28350,0.71,3.92,0.99,96.77,95.4,2
2016,Rangpur,Gangachara,10569,0.97,2.21,0.88,196.69,193.91,0
2014,Sylhet,Zindabazar,13124,0.79,2.68,1.07,27.28,26.42,0
2021,Chattogram,Double Mooring,29342,0.66,4.33,0.96,138.17,138.34,0
2019,Barishal,Kawran Bazar,24863,0.78,2.87,0.99,196.88,189.58,0
2023,Khulna,Daulatpur,23147,0.67,4.71,1.13,109.13,104.78,2
2023,Khulna,Sonadanga,28952,0.77,3.25,1.19,122.19,118.71,0
2023,Chattogram,Double Mooring,19173,0.77,3.56,1.19,242.92,236.0,2
2015,Mymensingh,Bhaluka,11854,0.95,4.52,0.99,38.73,40.38,2
2024,Rangpur,Mithapukur,27327,0.72,2.3,1.05,145.16,149.2,0
2014,Dhaka,Uttara,28381,0.58,2.69,1.02,85.25,83.82,1
2021,Rangpur,Mithapukur,14476,0.92,2.04,1.06,166.6,171.58,2
2019,Sylhet,Subidbazar,24537,0.83,3.07,1.12,50.6,51.32,0
2012,Chattogram,Kotwali,15188,0.57,2.45,1.02,166.02,168.78,2
2016,Chattogram,Kotwali,23386,0.94,2.41,1.18,138.19,142.5,2
2015,Dhaka,Dhanmondi,16881,0.99,3.36,1.0,147.76,147.23,1
2020,Chattogram,Kotwali,15366,0.75,4.38,0.91,96.7,92.73,2
2013,Sylhet,Zindabazar,18876,0.61,2.48,1.18,209.85,218.39,2
2020,Dhaka,Gulshan,10117,0.92,3.75,1.0,88.81,90.92,0
2015,Rajshahi,Shah Makhdum,27396,0.92,4.35,1.08,23.23,22.91,0
2017,Khulna,Sonadanga,17829,0.9,3.8,0.88,141.55,134.87,0
2012,Chattogram,Double Mooring,16895,0.75,4.76,0.98,152.35,159.36,1
2019,Dhaka,Gulshan,16972,0.73,3.66,1.0,121.23,125.58,1
2022,Rangpur,Mithapukur,18434,0.68,3.11,0.86,189.17,193.39,1
2019,Chattogram,Pahartali,19972,0.68,4.56,0.96,106.89,105.72,0
2017,Rajshahi,Shah Makhdum,25422,0.91,3.21,1.06,77.54,77.74,0
2017,Chattogram,Double Mooring,11267,0.82,2.14,1.04,84.1,80.44,2
2016,Barishal,Bakerganj,17450,0.62,4.09,1.06,201.46,194.53,0
2017,Barishal,Bakerganj,14711,0.8,2.06,0.81,134.86,129.29,1
2022,Sylhet,Zindabazar,16452,0.58,4.55,0.89,202.35,203.22,2
2017,Barishal,Bakerganj,22379,0.83,4.49,0.88,181.37,180.12,0
2012,Sylhet,Subidbazar,12024,0.56,4.64,1.19,128.31,123.78,0
2015,Mymensingh,Trishal,28203,0.58,2.01,1.07,159.64,158.29,0
2010,Barishal,Chandpur,12147,0.59,2.05,1.15,103.47,100.48,1
2018,Chattogram,Pahartali,13945,0.87,3.33,0.81,92.66,90.77,2
2023,Rajshahi,Charghat,17863,0.78,3.62,0.99,169.03,172.68,1
2011,Sylhet,Subidbazar,26740,0.83,3.62,1.1,137.55,136.25,2
2023,Khulna,Khalishpur,20450,0.55,2.06,1.03,176.83,177.15,0
2023,Khulna,Khalishpur,29581,0.7,3.5,1.06,168.2,161.81,0
2012,Chattogram,Pahartali,19359,0.55,4.17,1.01,205.25,204.94,0
2020,Barishal,Bakerganj,15983,0.93,2.6,1.17,194.2,199.63,0
2017,Sylhet,Ambarkhana,19540,0.86,3.85,1.18,196.12,203.32,1
2012,Barishal,Kawran Bazar,17022,0.77,2.59,1.09,94.3,91.26,2
2022,Khulna,Sonadanga,26117,0.71,4.53,0.88,218.48,219.85,1
2020,Mymensingh,Bhaluka,14663,0.55,3.35,1.13,172.93,181.56,0
2011,Khulna,Daulatpur,23031,0.84,3.79,0.96,136.69,135.9,2
2010,Dhaka,Gulshan,19155,0.65,4.85,1.11,80.7,84.29,0
2013,Barishal,Kawran Bazar,29492,0.95,2.57,0.91,176.51,182.63,2
2011,Rajshahi,Boalia,17464,1.0,3.45,1.1,121.29,119.11,2
2013,Barishal,Chandpur,26905,0.7,4.78,0.89,68.36,69.13,2
2014,Barishal,Bakerganj,22662,0.91,2.16,0.86,155.96,149.36,0
2020,Chattogram,Pahartali,17460,0.91,4.12,0.88,128.61,123.74,2
2017,Mymensingh,Bhaluka,11988,0.64,3.75,0.88,151.91,152.17,1
2020,Khulna,Khalishpur,21431,0.74,3.23,1.16,154.27,159.27,2
2013,Rangpur,Mithapukur,23440,0.79,4.48,0.99,120.16,114.91,1
2021,Barishal,Chandpur,16523,0.99,3.23,0.98,196.49,198.6,0
2016,Chattogram,Pahartali,18933,0.74,3.33,1.06,261.36,249.96,2
2010,Sylhet,Zindabazar,21461,0.7,4.48,0.8,75.86,72.58,0
2024,Chattogram,Double Mooring,28293,0.67,4.66,1.16,101.42,98.79,1
2022,Rajshahi,Boalia,17906,0.65,2.67,1.01,152.14,157.88,0
2023,Mymensingh,Muktagachha,11852,0.7,2.13,1.17,266.59,255.27,0
2025,Rangpur,Mithapukur,13961,0.91,2.1,1.11,116.49,112.35,0
2023,Barishal,Kawran Bazar,14002,0.79,3.96,0.91,209.28,209.05,0
2024,Sylhet,Ambarkhana,29426,0.69,4.49,0.81,167.41,160.33,1
2012,Dhaka,Dhanmondi,29333,0.57,3.37,1.02,193.89,190.33,0
2022,Khulna,Khalishpur,26626,0.77,4.19,1.05,138.99,143.85,0
2013,Khulna,Khalishpur,27216,0.95,3.3,1.1,215.34,215.73,1
2011,Sylhet,Subidbazar,11292,0.73,4.14,1.06,134.33,129.0,1
2017,Khulna,Daulatpur,23323,0.98,2.17,0.96,40.75,41.35,0
2017,Khulna,Daulatpur,16941,0.77,2.26,1.02,139.6,137.28,1
2010,Barishal,Bakerganj,10206,0.74,2.08,0.84,56.29,57.06,0
2017,Rangpur,Gangachara,23547,0.66,3.68,0.89,43.03,43.42,0
2018,Barishal,Kawran Bazar,25328,0.92,2.81,1.19,127.2,126.07,1
2018,Dhaka,Uttara,12345,0.81,3.19,1.19,178.3,174.23,2
2021,Khulna,Sonadanga,15633,0.68,3.97,1.19,155.65,149.07,0
2023,Dhaka,Uttara,12989,0.78,3.63,1.18,224.22,233.51,2
2021,Dhaka,Gulshan,19096,0.98,3.74,1.02,69.14,66.12,0
2019,Khulna,Daulatpur,18800,0.78,4.99,1.13,194.83,195.36,0
2012,Chattogram,Double Mooring,28120,0.64,3.82,1.07,107.13,109.47,1
2017,Dhaka,Gulshan,27955,0.72,4.33,0.94,223.89,229.51,1
2024,Mymensingh,Bhaluka,24915,0.99,2.66,1.12,56.73,55.36,0
2019,Chattogram,Kotwali,27908,0.7,4.22,0.89,181.34,182.62,1
2018,Chattogram,Double Mooring,23809,0.56,3.85,1.18,212.05,207.26,0
2023,Sylhet,Zindabazar,14615,0.78,4.39,0.85,236.96,247.96,0
2011,Mymensingh,Muktagachha,12073,0.84,4.58,0.94,87.47,91.06,0
2020,Barishal,Chandpur,11819,0.72,4.56,0.96,80.38,80.72,2
2011,Chattogram,Kotwali,13320,0.82,2.82,0.81,160.09,162.1,1
2023,Rajshahi,Boalia,15560,0.71,2.95,1.11,66.04,64.3,1
2012,Barishal,Bakerganj,14987,0.83,4.65,1.18,100.35,98.78,0
2025,Barishal,Chandpur,20848,0.97,2.56,0.95,242.4,231.78,0
2025,Rangpur,Kaunia,29692,0.6,3.82,0.91,104.59,103.33,2
2013,Barishal,Bakerganj,26409,0.87,3.35,0.84,199.22,197.18,0
2017,Rajshahi,Shah Makhdum,23796,0.7,4.24,1.02,109.29,105.68,1
2010,Dhaka,Uttara,21197,0.95,2.06,1.1,120.7,124.56,0
2014,Rajshahi,Shah Makhdum,23230,0.64,3.84,0.97,143.37,146.78,2
2016,Khulna,Daulatpur,15051,0.91,2.7,1.02,177.48,180.16,1
2020,Mymensingh,Trishal,26369,0.92,2.12,1.07,235.94,227.07,2
2021,Rangpur,Gangachara,28324,0.76,3.66,1.03,93.97,96.25,0
2023,Mymensingh,Bhaluka,20345,0.83,4.49,0.97,107.57,111.52,1
2019,Rangpur,Gangachara,12294,0.66,2.8,0.93,244.35,246.11,2
2012,Mymensingh,Trishal,10726,0.86,4.68,1.08,66.41,68.13,1
2025,Mymensingh,Bhaluka,17384,0.82,4.81,0.92,133.77,131.52,2
2016,Chattogram,Kotwali,13671,0.82,3.27,0.88,107.12,107.38,1
2024,Dhaka,Gulshan,17642,0.97,2.31,0.91,187.84,189.07,0
2010,Khulna,Khalishpur,22997,0.57,2.93,1.11,86.24,83.83,0
2018,Rangpur,Mithapukur,17788,0.87,2.86,1.15,58.27,56.7,2
2025,Mymensingh,Muktagachha,24839,0.64,3.85,1.1,234.03,234.53,0
2010,Dhaka,Gulshan,24423,0.7,2.43,1.06,61.28,62.64,2
2015,Barishal,Bakerganj,29285,0.81,4.46,0.81,217.7,214.43,0
2019,Rangpur,Kaunia,16852,0.7,4.93,0.81,128.57,134.98,2
2025,Rangpur,Mithapukur,15618,0.67,2.98,0.87,98.74,101.61,0
2010,Barishal,Bakerganj,23013,0.66,4.28,1.01,179.7,185.89,1
2014,Rangpur,Mithapukur,18555,0.66,4.01,0.84,56.27,57.89,2
2021,Rangpur,Kaunia,26990,0.98,4.56,0.92,116.19,112.35,1
2017,Dhaka,Gulshan,26593,0.63,2.56,0.8,39.91,40.14,2
2022,Mymensingh,Bhaluka,20744,0.67,2.08,1.05,105.76,103.6,1
2019,Rajshahi,Shah Makhdum,13262,0.65,4.99,1.19,182.07,187.61,1
2023,Rangpur,Gangachara,29145,0.9,2.37,1.05,88.26,86.81,0
2020,Rajshahi,Charghat,19944,0.63,4.92,0.98,72.06,69.36,2
2017,Khulna,Sonadanga,22219,0.98,2.37,1.09,210.91,204.19,0
2022,Khulna,Sonadanga,22903,0.58,2.68,0.9,166.94,171.07,0
2023,Dhaka,Uttara,23532,0.94,2.33,1.18,129.45,123.1,0
2016,Rajshahi,Shah Makhdum,26655,0.7,3.67,1.08,178.04,183.67,0
2023,Khulna,Daulatpur,21837,0.91,3.38,1.02,100.24,95.67,0
2024,Mymensingh,Bhaluka,18526,0.7,2.05,0.96,206.53,213.48,0
2023,Mymensingh,Trishal,16643,0.8,3.81,1.07,284.91,278.35,2
2017,Barishal,Chandpur,19762,0.76,2.36,1.09,202.16,203.4,1
2024,Chattogram,Double Mooring,22306,0.64,4.98,0.84,61.15,58.36,0
2011,Dhaka,Gulshan,13918,0.98,3.06,0.82,87.25,84.12,1
2015,Mymensingh,Muktagachha,15119,0.66,2.64,0.91,97.49,93.23,0
2024,Mymensingh,Bhaluka,17418,0.55,2.51,0.96,147.74,143.7,0
2010,Dhaka,Uttara,14644,1.0,4.92,1.06,63.36,60.39,0
2014,Chattogram,Double Mooring,29131,0.62,2.86,1.12,206.54,198.54,2
2021,Mymensingh,Muktagachha,26158,0.57,4.52,0.98,197.38,202.75,0
2025,Dhaka,Gulshan,25198,0.84,4.15,1.19,124.82,129.43,0
2024,Mymensingh,Trishal,22664,0.75,2.9,0.95,213.33,205.17,0
2014,Chattogram,Pahartali,29601,0.66,3.64,0.91,222.87,224.19,2
2010,Rangpur,Mithapukur,22700,0.75,3.42,1.06,70.39,67.13,0
2022,Rangpur,Gangachara,26131,0.6,2.38,1.19,179.0,182.16,1
2024,Rajshahi,Shah Makhdum,16697,0.91,3.69,1.1,177.77,175.2,2
2019,Mymensingh,Bhaluka,16256,0.75,2.27,0.89,200.28,205.0,2
2014,Mymensingh,Trishal,27524,0.55,4.71,0.81,37.03,38.55,0
2025,Mymensingh,Bhaluka,20055,0.92,2.91,0.99,126.16,125.7,2
2017,Khulna,Sonadanga,26252,0.82,3.77,0.83,223.6,229.7,1
2018,Rangpur,Mithapukur,15408,0.76,3.59,0.81,170.49,166.95,1
2020,Dhaka,Dhanmondi,23178,0.78,4.47,0.97,245.72,235.19,2
2020,Rangpur,Kaunia,21914,0.87,2.07,1.05,84.11,80.02,0
2012,Rangpur,Gangachara,26988,0.8,2.27,1.1,194.25,188.16,0
2024,Khulna,Sonadanga,26652,0.76,2.91,1.17,67.6,70.53,1
2013,Rajshahi,Shah Makhdum,18418,0.92,4.95,1.16,197.07,188.25,0
2011,Sylhet,Zindabazar,29053,0.59,3.8,0.94,181.49,185.39,0
2024,Barishal,Kawran Bazar,23807,0.94,4.64,0.89,202.51,206.73,0
2014,Rajshahi,Charghat,18848,0.93,3.08,1.17,142.79,143.88,1
2011,Rangpur,Gangachara,14248,0.56,4.58,1.03,234.65,233.0,1
2014,Mymensingh,Bhaluka,22222,0.86,4.58,1.05,171.02,167.16,2
2013,Rajshahi,Shah Makhdum,18169,0.94,2.3,0.84,97.56,101.22,0
2020,Rangpur,Gangachara,25562,0.98,3.68,1.17,17.75,18.16,2
2015,Mymensingh,Trishal,27082,0.82,3.51,0.82,105.73,110.05,0
2010,Barishal,Kawran Bazar,26165,0.67,2.09,1.19,74.62,76.37,1
2013,Mymensingh,Trishal,21989,0.67,2.84,1.19,32.35,33.05,1
2016,Rajshahi,Charghat,16368,0.59,3.05,0.81,33.98,34.21,1
2024,Chattogram,Double Mooring,23947,0.92,2.84,1.15,82.1,78.79,0
2012,Barishal,Chandpur,19781,0.89,3.61,1.14,80.81,79.73,0
2024,Chattogram,Kotwali,19884,0.91,3.62,0.92,153.58,156.9,0
2016,Chattogram,Pahartali,22977,0.59,4.25,1.17,100.81,98.38,0
2020,Mymensingh,Trishal,25599,0.98,3.15,0.97,227.26,229.62,0
2017,Rangpur,Mithapukur,21577,0.89,2.04,0.88,196.43,194.2,1
2014,Rangpur,Mithapukur,27937,0.94,4.19,1.18,188.88,185.36,0
2013,Mymensingh,Trishal,19915,0.79,2.18,1.08,140.17,146.21,0
2025,Khulna,Khalishpur,10555,0.59,4.87,1.04,59.05,61.38,1
2020,Barishal,Kawran Bazar,29546,0.96,4.17,1.01,233.78,225.01,1
2023,Barishal,Kawran Bazar,24254,0.68,2.84,0.96,265.59,253.77,1
2018,Chattogram,Kotwali,17564,0.83,4.66,1.05,109.6,112.87,2
2023,Khulna,Khalishpur,23509,0.7,3.71,1.16,42.68,44.01,2
2011,Chattogram,Double Mooring,21162,0.71,4.24,1.02,155.09,162.22,1
2016,Rajshahi,Boalia,15779,0.63,4.73,1.03,172.23,171.58,2
2017,Sylhet,Zindabazar,11481,0.91,4.03,1.05,107.32,102.71,0
2010,Chattogram,Kotwali,15560,0.87,3.61,0.99,209.83,203.64,2
2020,Khulna,Khalishpur,22391,0.97,2.8,1.04,208.18,217.49,2
2014,Rangpur,Mithapukur,29758,0.6,3.9,1.11,35.79,35.98,0
2017,Sylhet,Zindabazar,15179,0.71,3.16,1.03,80.37,82.41,1
2013,Khulna,Khalishpur,23171,0.68,3.48,0.92,123.7,118.96,1
2024,Barishal,Chandpur,16819,0.87,2.89,1.03,146.52,148.92,2
2021,Mymensingh,Trishal,17011,0.91,4.54,0.96,99.08,98.59,1
2010,Rangpur,Kaunia,28237,0.99,4.89,0.9,149.45,146.47,0
2014,Dhaka,Gulshan,18740,0.58,3.76,1.14,48.13,49.67,0
2022,Barishal,Kawran Bazar,20176,0.8,3.68,1.15,126.19,121.57,0
2017,Rangpur,Gangachara,27350,0.99,3.38,1.02,181.89,178.24,0
2010,Rangpur,Kaunia,21101,0.99,3.9,0.85,191.58,183.34,0
2012,Chattogram,Kotwali,29257,0.61,4.84,0.99,99.71,97.82,2
2014,Rajshahi,Charghat,19076,0.58,3.01,0.83,249.0,256.89,2
2024,Barishal,Bakerganj,13368,0.97,3.35,0.85,326.37,323.07,0
